dependency,No.,city,category,project,provider,contract_num,contract_amount,begin_date,end_date,down_payment_date,down_payment_amount,ext_agreement_date,ext_agreement_amount,total_amount_paid,outstanding_down_payment,financial_advance,verified_physical_progress,delivery_status,check_date,ubicacion,check_status,,,,,
3,1,Autopista Monterrey-Cadereyta,Pavimentación,REHABILITACIÓN DE CARPETA EN EL SUBTRAMO DEL KM 19+000 AL KM 29+000 A BASE DE CARPETA ASFALTICA DE RODADURA EN AMBOS CUERPOS DE LA AUTOPISTA MONTERREY CADEREYTA.,"EDIFICACIONES Y PROYECTOS AGGAA, S.A. DE C.V.",REANL/AMC/DI-17/09-CP,"$36,198,945.11",19-Feb-18,18-Jul-18,8-Feb-18,"$10,859,683.53",Sin Convenio,$0.00,"$36,198,945.11"," $ 34,810,354.02 ","$416,577.32",96%,100%,No Entregada,10-Dec-18,Obra Terminada,,,,,
3,2,Autopista Monterrey-Cadereyta,Construcción,CONSTRUCCIÓN DE OBRAS DE DRENAJE PLUVIAL PARA AMPLIACIÓN DE CAPACIDAD HIDRAULICA EN CRUCES PLUVIALES PROFUNDOS EN EL SUBTRAMO DEL KM 6+000 AL 9+000 DE LA AUTOPISTA MONTERREY CADEREYTA,"UNDERTERRA, S.A. DE C.V.",REANL/AMC/DI-17/07-CP,"$24,624,134.93",2-Jan-18,30-Jun-18,22-Dec-17,"$7,387,240.48",Sin Convenio,$0.00,"$24,624,134.93"," $ 24,567,064.67 ","$17,121.08",100%,100%,No Entregada,7-Mar-19,Obra Terminada,,,,,
3,3,Autopista Monterrey-Cadereyta,Pavimentación,"REHABILITACIÓN DEL PAVIMENTO EN EL SUB TRAMO DEL KM. 3+150 AL 3+650 Y 9+700 AL 12+000 CUERPO A, Y SUB TRAMO 3+150 AL 4+700 CUERPO B, DE LA AUTOPISTA MONTERREY-CADEREYTA.","HIYASO MAQUINARIA, S.A. DE C.V.",REANL/AMC/DI-18/03-CP,"$18,721,010.40",25-Jun-18,21-Nov-18,25-Jun-18,"$5,616,303.12",20-Dec-18,"$272,829.60","$18,993,840.00"," $ 18,860,061.45 ",$0.00,99%,100%,No Entregada,11-Jan-19,Obra Terminada  ,,,,,
3,4,Autopista Monterrey-Cadereyta,Construcción,CONSTRUCCIÓN DE PUENTE PEATONAL EN EL SUBTRAMO KM 20+000  DE LA AUTOPISTA MONTERREY- CADEREYTA,"REGIOCOLOR, S.A. DE C.V.",REANL/AMC/DI-17/05-CP,"$11,300,846.70",2-Oct-17,29-Jan-18,13-Oct-17,"$3,390,254.01",Sin Convenio,$0.00,"$11,300,846.70"," $ 11,589,136.67 ",$0.00,103%,100%,No Entregada,12-Dec-18,Obra Terminada  ,,,,,
3,5,Autopista Monterrey-Cadereyta,Construcción,SUMINISTRO Y COLOCACIÓN DE MALLA ANTIDESLUMBRANTE SOBRE BARRERA CENTRAL EN LOS SUBTRAMOS DEL KM 3+150 AL 9+000 DE LA AUTOPISTA MONTERREY-CADEREYTA,"MONQ CONSTRUCTORES, S.A. DE C.V. ",REANL/AMC/DI-18/04-CP,"$3,394,488.50",25-Jun-18,22-Oct-18,25-Jun-18,"$1,018,346.54",19-Oct-18,"$51,439.26","$3,445,927.76"," $ 3,445,927.76 ",$0.00,100%,100%,No Entregada,11-Oct-18,Obra Terminada  ,,"Obra terminada en tiempo, no se requiere Convenio.",,,
3,6,Autopista Monterrey-Cadereyta,Construcción,SUMINISTRO Y COLOCACIÓN DE SEÑALAMIENTO HORIZONTAL EN DIFERENTES TRAMOS DE LA AUTOPISTA MONTERREY-CADEREYTA,"SEMEX, S.A. DE C.V.",REANL/AMC/DI-18/03-IR,"$2,619,945.74",26-Nov-18,24-Jan-19,4-Dec-18,"$785,983.72",Sin Convenio,$0.00,"$2,619,945.74"," $ 2,236,776.53 ","$114,950.76",85%,100%,No Entregada,26-Feb-19,Obra Terminada  ,,,,,
3,7,Autopista Monterrey-Cadereyta,Rehabilitación,REHABILITACIÓN DE CERCA DELIMITADORA DEL DERECHO DE VIA C32A BASE DE COLOCACIÓN DE POSTES DE CONCRETO Y ALAMBRE DE PUAS EN DIFERENTES TRAMOS DE LA AUTOPISTA MONTERREY-CADEREYTA.,ISIDRO RAMON RAMIREZ VERASTEGUI,REANL/AMC/DI-18/02-IR,"$2,359,844.19",18-Jun-18,15-Oct-18,25-Jun-18,"$707,953.26",Sin Convenio,$0.00,"$2,359,844.19"," $ 2,359,203.81 ",$0.00,100%,100%,No Entregada,12-Dec-18,Obra Terminada  ,,,,,
3,8,Autopista Monterrey-Cadereyta,Rehabilitación,MANTENIMIENTO Y REHABILITACIÓN DE BAÑOS UBICADOS EN EL ÁREA DE DESCANSO FRENTE A FUERZA CIVIL KM 29+500 DE LA AUTOPISTA MONTERREY-CADEREYTA,"CONSTRUCCIONES Y MAQUINARIA NARVAEZ, S.A. DE C.V.",REANL/AMC/DI-18/01-IR,"$371,603.73",26-Nov-18,24-Jan-19,4-Dec-18,"$111,481.12",Sin Convenio,$0.00,"$371,603.73"," $ 371,603.73 ",$0.00,100%,100%,No Entregada,31-Jan-19,Obra Terminada  ,,,,,
3,9,Periférico del Área Metropolitana de Monterrey,Remodelación,AMPLIACIÓN Y REMODELACIÓN DE CASETA DE COBRO APODACA UBICADA EN EL KM 48+000 DE LA AUTOPISTA PERIFÉRICO DEL ÁREA METROPOLITANA DE MONTERREY,"ALBATROS CONSTRUCCIONES Y SERVICIOS, S.A. DE C.V.","REANL/PAMM/DI-17/10-CP
BIS","$66,240,115.49",2-Jan-18,30-Jul-18,22-Dec-17,"$19,872,034.65",Sin Convenio,$0.00,"$66,240,115.49"," $ 66,488,229.00 ",$0.00,100%,100%,No Entregada,31-Jan-19,Obra Terminada,,,,,
3,10,Periférico del Área Metropolitana de Monterrey,Rehabilitación,"REHABILITACIÓN DE PASO SUPERIOR ELEVADO  EN EL SUBTRAMO KM  7+200, A LA ALTURA DE AV. LUIS DONALDO COLOSIO, EN LA AUTOPISTA PERIFÉRICO DEL ÁREA METROPOLITANA DE MONTERREY.","CONSTRUCTORA MOYEDA, S.A. DE C.V",REANL/PAMM/DI-17/14-CP,"$49,999,999.09",23-Oct-17,19-Jun-18,19-Oct-17,"$14,999,999.73",Sin Convenio,$0.00,"$49,999,999.09"," $ 41,272,682.21 ","$2,618,195.07",83%,100%,No Entregada,17-Jan-19,Obra Terminada  ,,,,,
3,11,Periférico del Área Metropolitana de Monterrey,Construcción,"CONSTRUCCIÓN DE OBRAS DE DRENAJE PLUVIAL EN EL SUBTRAMO DEL KM 15+000 (SEGUNDA ETAPA), EN LA AUTOPISTA PERIFÉRICO DEL ÁREA METROPOLITANA DE MONTERREY. ","DISEÑOS Y ARQUITECTURA SAN BERNABE, S.A. DE C.V.",REANL/PAMM/DI-18/02-CP,"$41,280,460.81",21-May-18,16-Nov-18,17-May-18,"$12,384,138.24",Sin Convenio,$0.00,"$41,280,460.81"," $ 41,999,989.07 ",$0.00,102%,100%,No Entregada,11-Jan-19,Obra Terminada  ,,,,,
3,12,Periférico del Área Metropolitana de Monterrey,Pavimentación,"REHABILITACIÓN DE PAVIMENTO DE GASAS Y ADECUACIONES VIALES EN LOS  ENTRONQUES CON AV. LINCOLN, EN EL SUBTRAMO KM 14+400 Y EN LAS CONEXIONES DE INGRESO AL PERIFÉRICO DE LA AUTOPISTA PERIFÉRICO DEL ÁREA METROPOLITANA DE MONTERREY.","PLANTASFALTO, S.A. DE C.V.",REANL/PAMM/DI-17/06-CP,"$31,181,149.08",17-Jul-17,13-Dec-17,26-Jul-17,"$9,354,344.72",13-Dec-17," $ 1,298,850.92 ","$32,480,000.00"," $ 32,480,000.00 ",$0.00,100%,100%,Entregada,19-Sep-18,Obra Terminada  ,,,,,
3,13,Periférico del Área Metropolitana de Monterrey,Construcción,"REHABILITACIÓN DE ENTRONQUES DE COBRO, CONSISTENTE EN RENOVACIÓN DE CABINAS, ADECUACIÓN DE  CARRILES, EN LOS ENTRONQUES: MIGUEL ALEMÁN EN SUBTRAMO  KM 50+500, MONCLOVA EN SUBTRAMO KM 32+000,  EN LA AUTOPISTA PERIFÉRICO DEL ÁREA METROPOLITANA DE MONTERREY","J.C. CONSTRUCCIONES Y URBANIZACIONES, S.A.DE C.V; ",REANL/PAMM/DI-17/11-CP,"$24,353,497.85",2-Oct-17,28-Feb-18,10-Oct-17,"$7,306,049.35",Sin Convenio,$0.00,"$24,353,497.85"," $ 24,353,497.85 ",$0.00,100%,100%,No Entregada,12-Dec-18,Obra Terminada  ,,,,,
3,14,Periférico del Área Metropolitana de Monterrey,Rehabilitación,"REHABILITACIÓN DE PASO SUPERIOR ELEVADO A SALTILLO EN EL SUBTRAMO KM 0+000, EN LA AUTOPISTA PERIFÉRICO DEL ÁREA METROPOLITANA DE MONTERREY.","BUFETTE DE OBRAS, SERVICIOS Y SUMINISTROS S.A. DE C.V",REANL/PAMM/DI-17/13-CP,"$21,243,244.17",2-Oct-17,29-Apr-18,4-Oct-17,"$6,372,973.25",Sin Convenio,$0.00,"$21,243,244.17"," $ 20,429,964.54 ","$243,983.89",96%,100%,No Entregada,17-Jan-19,Obra Terminada  ,,,,,
3,15,Periférico del Área Metropolitana de Monterrey,Construcción,"CONSTRUCCIÓN DE CENTRO DE MANDO DE SEGURIDAD (PUNTO FIJO), COMO ÁREA DE DESCANSO, UBICADO EN EL SUBTRAMO KM 25+000 DE LA AUTOPISTA PERIFÉRICO DEL ÁREA METROPOLITANA DE MONTERREY. ","IRKON HOLDINGS, S.A. DE C.V.",REANL/PAMM/DI-16/01-AD,"$18,800,379.55",17-Apr-17,14-Aug-17,26-Apr-17,"$3,760,075.90",Sin Convenio,$0.00,"$18,800,379.55"," $ 15,727,537.13 ",$0.00,84%,100%,Entregada,12-Dec-18,Obra Terminada  ,,,,,
3,16,Periférico del Área Metropolitana de Monterrey,Pavimentación,"REHABILITACIÓN DE PAVIMENTO DEL SUBTRAMO  DEL KM 48+00 AL KM 49+000, DE LA AUTOPISTA PERIFÉRICO DEL ÁREA METROPOITANA DE MONTERREY","PLANTASFALTO, S.A. DE C.V.",REANL/PAMM/DI-18/15-CP,"$15,799,499.67",8-Oct-18,6-Mar-19,5-Oct-18,"$4,739,849.90",Sin Convenio,$0.00,"$15,799,499.67","$9,331,899.04","$4,739,849.90",59%,100%,No Entregada,2-Apr-19,Obra Terminada  ,,,,,
3,17,Periférico del Área Metropolitana de Monterrey,Construcción,SUMINISTRO Y COLOCACIÓN DE SISTEMA DE BARRERAS DE PROTECCIÓN (BARRERA METÁLICA DE TRES CRESTAS) EN DIFERENTES TRAMOS DEL KM 0+000 AL 67+000 DE LA AUTOPISTA PERIFÉRICO DEL ÁREA METROPOLITANA DE MONTERREY.C20,"A.P.M. SUJECCIONES Y CONSTRUCCIONES, S.A. DE C.V. ",REANL/PAMM/DI-18/05-CP,"$14,149,909.99",21-May-18,17-Sep-18,18-May-18,"$4,244,973.00",Sin Convenio,$0.00,"$14,149,909.99"," $ 14,114,252.22 ",$0.00,100%,100%,No Entregada,13-Dec-18,Obra Terminada  ,,,,,
3,18,Periférico del Área Metropolitana de Monterrey,Construcción,"CONSTRUCCIÓN DE OBRAS DE DRENAJE PLUVIAL EN EL SUBTRAMO DEL KM 54+000, ASÍ COMO CAPTADORES PLUVIALES Y RECONSTRUCCIÓN DE CANAL DE CONCRETO (SEGUNDA ESTAPA), EN LA AUTOPISTA PERIFÉRICO DEL ÁREA METROPOLITANA DE MONTERREY.","REGIO CONSTRUCCIONES COII, S.A. DE C.V.",REANL/PAMM/DI-18/03-CP,"$12,797,288.99",21-May-18,17-Sep-18,Sin Anticipo,$0.00,Sin Convenio,$0.00,"$12,797,288.99"," $ 12,796,297.22 ",$0.00,100%,100%,No Entregada,10-Dec-18,Obra Terminada  ,,,,,
3,19,Periférico del Área Metropolitana de Monterrey,Construcción,CONSTRUCCIÓN DE PUENTE PEATONAL EN EL SUBTRAMO KM 62+000   EN LA AUTOPISTA PERIFÉRICO DEL ÁREA METROPOLITANA DE MONTERREY.,"GRUPO ESTRUCTO, S.A. DE C.V.",REANL/PAMM/DI-17/18-CP,"$11,309,797.41",2-Oct-17,29-Jan-18,6-Oct-17,"$3,392,939.22",29-Jan-19,"$166,315.05","$11,476,112.46"," $ 11,476,112.46 ",$0.00,100%,100%,Entregada,14-Nov-18,Obra Terminada  ,,,,,
3,20,Periférico del Área Metropolitana de Monterrey,Rehabilitación,REHABILITACIÓN DE JUNTAS DE CONSTRUCCIÓN Y FABRICACIÓN DE DRENES EN PARAPETOS LATERALES EN PUENTES UBICADOS EN EL SUBTRAMO DEL KM 0+000 AL KM 66+000 DE LA AUTOPISTA PERIFÉRICO DEL ÁREA METROPOLITANA DE MONTERREY.,"APLICAMAX, S.,A. DE C.V.",REANL/PAMM/DI-17/09-CP,"$11,288,232.12",17-Jul-17,13-Dec-17,26-Jul-17,"$3,386,469.63",Sin Convenio,$0.00,"$11,288,232.12"," $ 10,517,673.44 ","$231,167.60",93%,100%,Entregada,24-Sep-18,Obra Terminada  ,,,,,
3,21,Periférico del Área Metropolitana de Monterrey,Construcción,SUMINISTRO Y COLOCACIÓN DE BARRERA DE PROTECCIÓN MEDIANTE SISTEMA DE CABLES TENSADOS EN DIFERENTES TRAMOS DEL KM 0+000 AL 67+000 DE LA AUTOPISTA PERIFÉRICO DEL ÁREA METROPOLITANA DE MONTERREY,"CONSTRUCTORA Y COMERCIALIZADORA IMPERIAL, S.A. DE C.V.",REANL/PAMM/DI-18/06-CP,"$10,289,317.62",21-May-18,17-Oct-18,18-May-18,"$3,086,795.28",Sin Convenio,$0.00,"$10,289,317.62"," $ 10,289,317.61 ",$0.00,100%,100%,No Entregada,13-Dec-18,Obra Terminada  ,,,,,
3,22,Periférico del Área Metropolitana de Monterrey,Construcción,REVESTIMIENTO DE TALUDES CON SISTEMA DE CONCRETO LANZADO EN SUBTRAMO KM 66+000 (SEGUNDA ETAPA) DE LA AUTOPISTA PERIFÉRICO DEL ÁREA METROPOLITANA DE MONTERREY.,"CONSTRUCTORA JOMABE, S.A. DE C.V.",REANL/PAMM/DI-18/04-CP,"$9,728,480.67",21-May-18,17-Sep-18,18-May-18,"$2,918,544.20",Sin Convenio,$0.00,"$9,728,480.67"," $ 9,728,480.67 ",$0.00,100%,100%,No Entregada,13-Dec-18,Obra Terminada  ,,,,,
3,23,Periférico del Área Metropolitana de Monterrey,Construcción,"CONSTRUCCIÓN DE OBRAS DE DRENAJE PLUVIAL Y AMPLIACIÓN DE PASO PLUVIAL EN EL SUBTRAMO KM 45+000, EN EL PERIFÉRICO DEL ÁREA METROPOLITANA DE MONTERREY."," DISEÑO Y ARQUITECTURA SAN BERNABE, S.A. DE C.V.",REANL/PAMM/DI-18/07-CP,"$8,894,889.12",25-Jun-18,22-Oct-18,25-Jun-18,"$2,668,466.73",Sin Convenio,$0.00,"$8,894,889.12"," $ 7,004,579.15 ","$567,092.99",79%,100%,No Entregada,2-Apr-19,Obra Terminada  ,,,,,
3,24,Periférico del Área Metropolitana de Monterrey,Rehabilitación,"REHABILITACIÓN DE PASO SUPERIOR ELEVADO EN EL SUBTRAMO KM 16+000 A LA ALTURA DEL PUENTE PESQUERÍA, A BASE DE SUSTITUCIÓN DE GAVIONES EXISTENTES Y COLOCACIÓN DE MUROS DE CONTENCIÓN, EN LA AUTOPISTA PERIFÉRICO DEL ÁREA METROPOLITANA DE MONTERREY.","CURMASE, S.A. DE C.V.",REANL/PAMM/DI-17/15-CP,"$7,101,947.17",2-Oct-17,29-Jan-18,10-Oct-17,"$2,130,584.15",29-Jan-18,"$217,456.20","$7,319,403.37"," $ 7,319,403.39 ",$0.00,100%,100%,Entregada,19-Sep-18,Obra Terminada  ,,,,,
3,25,Periférico del Área Metropolitana de Monterrey,Rehabilitación,REHABILITACIÓN DE TALUD Y ALEROS EN EL KM 62+000 AMBOS CUERPOS DE LA AUTOPISTA PERIFÉRICO DEL ÁREA METROPOLITANA DE MONTERREY.,"EDIFICACIONES Y TERRACERIAS DEL NORTE, S.A. DE C.V.",REANL/PAMM/DI-18/09-IR,"$2,921,278.77",18-Jun-18,15-Oct-18,22-Jun-18,"$876,383.63",Sin Convenio,$0.00,"$2,921,278.77"," $ 2,863,428.10 ","$17,355.20",98%,100%,No Entregada,11-Jan-19,Obra Terminada  ,,,,,
3,26,Periférico del Área Metropolitana de Monterrey,Mantenimiento,MANTENIMIENTO DE CARPETA ASFALTICA A BASE DE BACHEO MAYOR Y MENOR EN DIFERENTES TRAMOS DE LA AUTOPISTA PERIFERICO DEL ÁREA METROPOLITANA DE MONTERREY,"DESARROLLO URBANO E INMOBILIARIO DEL BOSQUE, S.A. DE C.V.",REANL/PAMM/DI-18/05-IR,"$2,885,336.14",18-Jun-18,14-Dec-18,25-May-18,"$865,600.83",Sin Convenio,$0.00,"$2,885,336.14"," $ 865,600.83 ","$865,600.83",30%,100%,No Entregada,4-Apr-19,Obra Terminada  ,,,,,
3,27,Periférico del Área Metropolitana de Monterrey,Construcción,ESTABILIZACIÓN DE  TALUD A BASE DE  CONCRETO LANZADO  TIPO GUNITE  REFORZADO CON MALLA Y ANCLAJES DE VARILLA   EN EL KM 61+000  CUERPO B DE  LA AUTOPISTA PERIFÉRICO DEL ÁREA METROPOLITANA DE MONTERREY,"CONSTRUCTORA URZAFER, S.A. DE C.V.",REANL/PAMM/DI-17/09-IR,"$2,664,979.22",4-Dec-17,3-Mar-18,6-Dec-17,"$799,493.76",Sin Convenio,$0.00,"$2,664,979.22"," $ 2,594,178.21 ","$21,240.30",97%,100%,Entregada,12-Dec-18,Obra Terminada  ,,,,,
3,28,Periférico del Área Metropolitana de Monterrey,Rehabilitación,"REHABILITACIÓN DE CERCA DELIMITADORA DEL DERECHO DE VIA Y CAMINO VECINAL A BASE DE COLOCACIÓN DE POSTES DE CONCRETO Y ALAMBRE DE PUAS, EN DIFERENTES TRAMOS DE LA AUTOPISTA PERIFÉRICO DEL ÁREA METROPOLITANA DE MONTERREY.","GRUPO ESTRUCTO, S.A. DE C.V.",REANL/PAMM/DI-18/08-IR,"$2,409,993.59",18-Jun-18,15-Oct-18,26-Jun-18,"$722,998.07",Sin Convenio,$0.00,"$2,409,993.59"," $ 2,409,923.00 ",$0.00,100%,100%,No Entregada,12-Dec-18,Obra Terminada  ,,,,,
3,29,Periférico del Área Metropolitana de Monterrey,Construcción,SUMINISTRO Y COLOCACIÓN DE BARRERA DE PROTECCIÓN MEDIANTE SISTEMA DE CABLES TENSADOS EN DIFERENTES TRAMOS DE LA AUTOPISTA PERIFÉRICO DEL ÁREA METROPOLITANA DE MONTERREY,"SERVICIOS Y SOLUCIONES PROFESIONALES DIA, S.A. DE C.V.",REANL/PAMM/DI-18/12-IR,"$2,139,929.21",18-Jun-18,15-Oct-18,25-Jun-18,"$641,978.75",Sin Convenio,$0.00,"$2,139,929.21"," $ 2,139,929.21 ",$0.00,100%,100%,No Entregada,13-Dec-18,Obra Terminada  ,,,,,
3,30,Periférico del Área Metropolitana de Monterrey,Rehabilitación,MANTENIMIENTO DE BARRERAS DE CONCRETO A BASE DE PINTURA Y COLOCACIÓN DE SEÑALAMIENTO EN ZONA DE CASETA DE COBRO APODACA DE LA AUTOPISTA PERIFÉRICO DEL ÁREA METROPOLITANA DE MONTERREY,"RENTA DE RETROS Y FLETES DEL NORTE, S. DE R.L. DE C.V ",REANL/PAMM/DI-18/10-IR,"$1,450,144.47",26-Nov-18,23-Mar-19,3-Dec-18,"$435,043.34",Sin Convenio,$0.00,"$1,450,144.47","$1,450,144.47",$0.00,100%,100%,No Entregada,31-Jan-19,Obra Terminada  ,,,,,
3,31,Periférico del Área Metropolitana de Monterrey,Mantenimiento,"TRABAJOS DE MANTENIMIENTO DE PUENTES VEHICULARES: PASOS SUPERIORES VEHICULARES (P.S.V.) Y PASOS INFERIORES (P.I.V.) A BASE DE PINTURA EN  VIGAS, ESTRIBOS, VOLADOS Y APOYOS LATERALES EN DIFERENTES UBICACIONES ENTRE LOS KM 0+000 AL 66+000 DEL PERIFERICO DEL ÁREA METROPOLITANA DE MONTERREY.","CONSTRUCCIONES Y ELECTRIFICACIONES DEL NORTE, S.A. DE C.V.",REANL/PAMM/DI-17/12-IR,"$1,398,557.48",4-Dec-17,3-Mar-18,14-Dec-17,"$419,567.24",Sin Convenio,$0.00,"$1,398,557.48"," $ 1,398,556.99 ",$0.00,100%,100%,Entregada,25-Sep-18,Obra Terminada  ,,,,,
3,32,Periférico del Área Metropolitana de Monterrey,Rehabilitación,REHABILITACIÓN DE BAÑOS Y DE CASETA DE COBRO LINCOLN UBICADA EN EL KM 15+000 DE LA AUTOPISTA PERIFERICO DEL ÁREA METROPOLITANA DE MONTERREY,"JD QUINTANILLA, S.A. DE C.V.",REANL/PAMM/DI-17/14-IR,"$868,310.62",4-Dec-17,1-Feb-18,6-Dec-17,"$260,493.18",Sin Convenio,$0.00,"$868,310.62"," $ 751,529.27 ","$35,034.40",87%,100%,Entregada,10-Dec-18,Obra Terminada  ,,,,,
3,33,Periférico del Área Metropolitana de Monterrey,Construcción,"CONSTRUCCIÓN DE OBRAS DE PROTECCIÓN CONTRA IMPACTOS EN CASETA LINCOLN, A BASE DE PUNTAS DE BALA Y JARDINERÍA, EN EL PERIFÉRICO DEL ÁREA METROPLITANA DE MONTERREY","CONSTRUCCIONES Y MAQUINARIA NARVAEZ, S.A. DE C.V.",REANL/PAMM/DI-18/11-IR,"$776,080.47",26-Nov-18,25-Mar-19,4-Dec-18,"$232,824.14",Sin Convenio,$0.00,"$776,080.47","$254,017.99","$156,618.74",33%,100%,No Entregada,1-Apr-19,Obra Terminada  ,,,,,
3,1,Autopista al Aeropuerto,Pavimentación,"REMODELACIÓN, REMOZAMIENTO Y MANTENIMIENTO EN DIFERENTES TRAMOS DE LA CARRETERA LIBRE JUÁREZ-APODACA, COMO VÍA ALIMENTADORA DE LA AUTOPISTA MONTERREY CADEREYTA.","HÉRCULES CONSTRUCCIONES DE MONTERREY, S.A DE C.V.",REANL/RP/DI-18/03-CP,"$39,907,787.06",2-Jan-19,30-Jul-19,11-Jan-19,"$11,972,336.12",Sin Convenio,$0.00,"$39,907,787.06","$11,972,336.12","$11,972,336.12",30%,13%,No Entregada,29-Mar-19,"OBRA EN PROCESO, en tiempo.
Se realizaron desvíos de tráfico con barreras de concreto e iniciaron con la excavación para el retiro de la estructura del pavimento existente.   ",,,,,
3,2,Periférico del Área Metropolitana de Monterrey,Construcción,SUMINISTRO Y COLOCACIÓN DE SEÑALAMIENTO HORIZONTAL EN DIFERENTES TRAMOS DE LA AUTOPISTA PERIFÉRICO DEL ÁREA METROPOLITANA DE MONTERREY,"SERVICIOS PRIMARIOS GUERRA, S.A. DE C.V.",REANL/PAMM/DI-18/16-CP,"$10,121,238.08",2-Jan-19,30-Jun-19,11-Jan-19,"$3,036,371.42",Sin Convenio,$0.00,"$10,121,238.08","$3,036,371.42","$3,036,371.42",30%,16%,No Entregada,8-Mar-19,"OBRA EN PROCESO, en tiempo.
Continúan los trabajos en orillas de calzada en los tramos donde se colocó carpeta nueva a la altura de la caseta Apodaca del lado Nte.",,,,,
3,1,Autopista al Aeropuerto,Pavimentación,"REMODELACIÓN, REMOZAMIENTO Y MANTENIMIENTO DE LA VÍA RÁPIDA AL AEROPUERTO, COMO VÍA ALIMENTADORA DE LA AUTOPISTA MONTERREY CADEREYTA.","HERCULES CONSTRUCCIONES DE MONTERREY, S.A DE C.V.",REANL/RP/DI-17/01-CP,"$58,876,974.26",2-Jan-18,30-Jul-18,21-Dec-17,"$17,663,092.28",Sin Convenio,$0.00,"$58,876,974.26"," $ 57,316,706.70 ","$468,080.27",97%,99%,No Entregada,29-Mar-19,"OBRA EN PROCESO, con retraso.
Se realiza limpieza del área en el canal pluvial.",,,,"$58,876,974.26",monto atrasado
3,2,Autopista al Aeropuerto,Rehabilitación,"REMODELACIÓN, REMOZAMIENTO Y MANTENIMIENTO DE LA VIA RÁPIDA AL AEROPUERTO, COMO VÍA ALIMENTADORA DE LA AUTOPISTA MONTERREY-CADEREYTA. (SEGUNDA ETAPA)","PERIMETRO GLOBAL DE INTELIGENCIA, S.A. DE C.V.",REANL/RP/DI-18/02-CP,"$29,399,832.38",25-Jun-18,21-Dec-18,22-Jun-18,"$8,819,949.71",Sin Convenio,$0.00,"$29,399,832.38"," $ 17,521,149.69 ","$3,563,604.80",60%,94%,No Entregada,29-Mar-19,"OBRA EN PROCESO, con retraso.
Se coloca piedra roja y se realizan dentellones para la protección del mismo.",,,,"$29,399,832.38",monto atrasado
3,3,Autopista Monterrey-Cadereyta,Construcción,CONSTRUCCIÓN DE OBRAS DE DRENAJE PLUVIAL PARA AMPLIACIÓN DE CAPACIDAD HIDRAULICA EN CRUCES PLUVIALES PROFUNDOS EN EL SUBTRAMO DEL KM 3+000 AL 6+000 DE LA AUTOPISTA MONTERREY CADEREYTA,"GUAJARDO Y ASOCIADOS CONSTRUCTORA, S.A. DE C.V.",REANL/AMC/DI-17/06-CP,"$24,374,553.00",2-Jan-18,30-Jun-18,21-Dec-17,"$7,312,365.90",Sin Convenio,$0.00,"$24,374,553.00"," $ 21,455,673.71 ","$875,663.79",88%,97%,No Entregada,1-Apr-19,"OBRA EN PROCESO, con retraso.
Túnel Km 3+000; Encofrado del tubo, avance 90%. Túnel Km 5+440; Terminado al 100%. Túnel Km 6+030; Se trabaja en la colocación de rejillas avance 95%.",,,,"$24,374,553.00",monto atrasado
3,4,Autopista Monterrey-Cadereyta,Rehabilitación,REHABILITACIÓN Y ESTABILIZACIÓN DE TALUDES EN EL SUBTRAMO  DEL KM 3+000 AL 11+000 DE LA AUTOPISTA MONTERREY CADEREYTA.,"HIYASO MAQUINARIA, S.A. DE C.V.",REANL/AMC/DI-17/08-CP,"$23,191,512.69",2-Jan-18,30-Jul-18,4-Jan-18,"$6,957,453.81",Sin Convenio,$0.00,"$23,191,512.69"," $ 19,748,709.34 ","$1,032,841.01",85%,99%,No Entregada,2-Mar-19,"OBRA EN PROCESO, con retraso.
La obra se encuentra suspendida ya que se espera la corrección de un tubo de drenaje sanitario ubicado en el Km 8+000, justo en el área del talud a trabajar.                       ",,,,"$23,191,512.69",monto atrasado
3,5,Autopista Monterrey-Cadereyta,Construcción,CONSTRUCCIÓN DE OBRAS DE DRENAJE PLUVIAL PARA AMPLIACIÓN DE CAPACIDAD HIDRÁULICA EN CRUCES PLUVIALES (SEGUNDA ETAPA) UBICADOS ENTRE LOS SUBTRAMOS DEL KM 3+150 AL 11+000 DE LA AUTOPISTA MONTERREY- CADEREYTA,"INGENIERIA EN TUNELES Y REDES, S.A. DE C.V.",REANL/AMC/DI-18/02-CP,"$22,529,781.85",21-May-18,16-Nov-18,24-May-18,"$6,758,934.56",Sin Convenio,$0.00,"$22,529,781.85"," $ 15,998,488.53 ","$1,959,388.00",71%,96%,No Entregada,2-Apr-19,"OBRA EN PROCESO, con retraso.
Túnel Km 5+732; Colocación rejillas, movimiento tierras.
Túnel Km 7+725; Muros caja, sin personal laborando.
Túnel Km 8+158; Rejilla regis-tro, sin personal laborando.",,,,"$22,529,781.85",monto atrasado
3,6,Autopista Monterrey-Cadereyta,Pavimentación,REHABILITACIÓN DE GASAS Y ADECUACIÓNES VIALES EN LOS ENTRONQUES MUNICIPIO DE JUAREZ KM 19+000 A BASE DE CARPETA ASFALTICA EN LA AUTOPISTA MONTERREY CADEREYTA.,"CONSTRUYE DE VICTORIA, S.A. DE C.V.",REANL/AMC/DI-17/10-CP,"$14,297,319.48",2-Jan-18,31-May-18,22-Dec-17,"$4,289,195.84",Sin Convenio,$0.00,"$14,297,319.48"," $ 7,987,350.73 ","$1,892,990.62",56%,55%,No Entregada,29-Mar-19,"OBRA EN PROCESO, con retraso.
Trabajos suspendidos.
Rehabilitación de 4 gasas.
Gasas 1 y 2: Carpeta densa en 200 m, falta rodadura.
Gasa 3: SIN trabajos, 200 m.
Gasa 4: SIN trabajar, 200 m.
No se presenta avance de obra desde el 27 sep 2018, fecha de la primera visita de verificación.",,,,"$14,297,319.48",monto atrasado
3,7,Autopista Monterrey-Cadereyta,Rehabilitación,CAMBIO A SISTEMA DE ALUMBRADO PÚBLICO EFICIENTE (SEGUNDA ETAPA) EN DIFERENTES SUBTRAMOS DE LA AUTOPISTA MONTERREY-CADEREYTA.,"GRUPO NIRAM, S.A. DE C.V.",REANL/AMC/DI-18/01-CP,"$13,582,062.74",21-May-18,17-Sep-18,24-May-18,"$4,074,618.82",Sin Convenio,$0.00,"$13,582,062.74"," $ 11,052,355.97 ","$758,912.03",81%,91%,No Entregada,1-Apr-19,"OBRA EN PROCESO, con retraso.
Colchón con material producto de la excavación y relleno con  concreto hidráulico hasta nivel de carpeta, continúan con la colocación de las lámparas.",,,,"$13,582,062.74",monto atrasado
3,8,Periférico del Área Metropolitana de Monterrey,Pavimentación,"REHABILITACIÓN DE ACOTAMIENTOS EN CUERPO ""A"" SENTIDO SALTILLO A CADEREYTA, EN EL SUBTRAMO KM 0+000 AL KM 67+000, EN EL PERIFÉRICO DEL ÁREA METROPOLITANA DE MONTERREY.","PRISMA DESARROLLOS, S.A. DE C.V. ",REANL/PAMM/DI-18/11-CP,"$67,166,549.97",25-Jun-18,21-Dec-18,26-Jun-18,"$20,149,964.99",Sin Convenio,$0.00,"$67,166,549.97"," $ 29,178,886.74 ","$11,396,298.97",43%,40%,No Entregada,1-Apr-19,"OBRA EN PROCESO, con retraso.
Obra sin avance desde el mes de Diciembre del 2018.
Solo se tiene terminado en el cuerpo ""A"" del Km. 0+000 al 23+000 con carpeta densa y de rodadura, en la visita no se ubicó personal laborando.",,,,"$67,166,549.97",monto atrasado
3,9,Periférico del Área Metropolitana de Monterrey,Pavimentación,"REHABILITACION DE ACOTAMIENTOS EN CUERPO ""B"" SENTIDO CADEREYTA A SALTILLO, EN EL SUBTRAMO KM 0+000 AL KM 67+000, EN EL PERIFÉRICO DEL ÁREA METROPOLITANA DE MONTERREY","PAVIMENTACIONES, CAMINOS Y COMPACTACIONES, S.A. DE C.V.",REANL/PAMM/DI-18/12-CP,"$66,847,709.01",25-Jun-18,21-Dec-18,25-Jun-18,"$20,054,312.70",Sin Convenio,$0.00,"$66,847,709.01"," $ 44,627,914.51 ","$6,665,938.35",67%,73%,No Entregada,1-Apr-19,"OBRA EN PROCESO, con retraso.
Se tiene terminado del Km 67+000 al 0+000 con carpeta densa y de rodadura, se observó muestreo para control de calidad de carpeta en el recorrido.",,,,"$66,847,709.01",monto atrasado
3,10,Periférico del Área Metropolitana de Monterrey,Pavimentación,"REHABILITACIÓN DE PAVIMENTO CON CARPETA ASFÁLTICA DE ALTO DESEMPEÑO Y CAPA DE RODADURA EN SUBTRAMO  DEL KM 26+500 AL KM 38+000, AMBOS CUERPOS DE LA AUTOPISTA PERIFÉRICO DEL ÁREA METROPOLITANA DE MONTERREY.","PRISMA DESARROLLOS, S.A. DE C.V.",REANL/PAMM/DI-17/05-CP,"$66,815,019.16",17-Jul-17,13-Dec-17,2-Aug-17,"$20,044,505.74",Sin Convenio,$0.00,"$66,815,019.16"," $ 55,516,103.74 ","$3,389,674.62",83%,85%,No Entregada,2-Apr-19,"OBRA EN PROCESO, con retraso.
Cuerpo ""A"" Se encuentra aplicada carpeta de rodadura desde el km 26+500 hasta el km 30+000 en el carril de baja, no se observó personal trabajando",,,,"$66,815,019.16",monto atrasado
3,11,Periférico del Área Metropolitana de Monterrey,Rehabilitación,"REHABILITACIÓN DE PASO SUPERIOR ELEVADO EN EL SUBTRAMO KM 31+800 MTY - HIDALGO,  EN LA AUTOPISTA PERIFÉRICO DEL ÁREA METROPOLITANA DE MONTERREY.","ZULU INFRAESTRUCTURA, S.A. DE C.V",REANL/PAMM/DI-17/16-CP,"$45,449,860.80",2-Oct-17,29-May-18,19-Oct-17,"$13,634,958.23",Sin Convenio,$0.00,"$45,449,860.80"," $ 32,264,792.13 ","$3,955,520.59",71%,68%,No Entregada,2-Apr-19,"OBRA EN PROCESO, con retraso.
Se observa la colocación de barreras para la habilitación de puente en cuerpo ""A"" para desviación de tráfico, para iniciar trabajos en puente de cuerpo ""B""",,,,"$45,449,860.80",monto atrasado
3,12,Periférico del Área Metropolitana de Monterrey,Pavimentación,"CAMBIO DE NIVEL DE RASANTE EN PAVIMENTO DE AMBOS CUERPOS PARA LIBRAR DE PUENTE UBICADO EN EL SUBTRAMO KM  34+000  AL 34+500,  EN LA AUTOPISTA PERIFÉRICO DEL ÁREA METROPOLITANA DE MONTERREY.","PAVIMENTOS, CONSTRUCCIÓN Y MAQUINARIA, S.A. DE C.V.",REANL/PAMM/DI-17/17-CP,"$29,513,336.13",2-Oct-17,30-Mar-18,4-Oct-17,"$8,854,000.84",Sin Convenio,$0.00,"$29,513,336.13"," $ 27,914,396.67 ","$479,681.84",95%,96%,No Entregada,2-Apr-19,"OBRA EN PROCESO, con retraso.
Cuerpo ""A"" concluido, en el cuerpo ""B"" se concluye la construcción de cunetas pluviales.",,,,"$29,513,336.13",monto atrasado
3,13,Periférico del Área Metropolitana de Monterrey,Pavimentación,"REHABILITACIÓN DE GASAS DE INCORPORACIÓN Y ADECUACIONES VIALES EN LOS ENTRONQUES CON AV. MIGUEL ALEMÁN, EN EL SUBTRAMO KM 48+000 DE LA AUTOPISTA PERIFÉRICO DEL ÁREA METROPOLITANA DE MONTERREY.","REGIOCONSTRUCCIONES COII, S.A DE C.V.",REANL/PAMM/DI-18/13-CP,"$27,799,112.76",8-Oct-18,6-Mar-19,Sin Anticipo,$0.00,Sin Convenio,$0.00,"$27,799,112.76",$0.00,$0.00,0%,22%,No Entregada,2-Apr-19,"OBRA EN PROCESO, con retraso
No se observa personal trabajando, concluyeron la aplicación de carpeta en interconexión del PAMM, de Pte-Ote, a la Carretera Miguel Alemán. ",,,,"$27,799,112.76",monto atrasado
3,14,Periférico del Área Metropolitana de Monterrey,Rehabilitación,"REHABILITACIÓN DE ENTRONQUES DE COBRO, CONSISTENTE EN RENOVACIÓN DE CABINAS, ADECUACIÓN DE  CARRILES, EN LOS ENTRONQUES: PEDRERAS EN SUBTRAMO KM 23+300, LINCOLN SUBTRAMO KM 14+000, EN LA AUTOPISTA PERIFÉRICO DEL ÁREA METROPOLITANA DE MONTERREY",LUENSA INGENIERIA S.A. DE C. V,REANL/PAMM/DI-17/12-CP,"$27,076,892.19",2-Oct-17,28-Feb-18,4-Oct-17,"$8,123,067.65",Sin Convenio,$0.00,"$27,076,892.19"," $ 21,538,487.85 ","$1,661,521.30",80%,97%,No Entregada,1-Apr-19,"OBRA EN PROCESO, con retraso.
Se observa falta de colocación de Alucobond, detalles de rellenos, albañilería, pintura y limpieza",,,,"$27,076,892.19",monto atrasado
3,15,Periférico del Área Metropolitana de Monterrey,Pavimentación,"REHABILITACIÓN DE PAVIMENTO EN GASAS DE INCORPORACIÓN, ADECUACIONES VIALES EN EL ENTRONQUE CON CARRETERA A LAREDO, SUBTRAMO KM 38+000 DE LA AUTOPISTA PERIFÉRICO DEL ÁREA METROPOLITANA DE MONTERREY.","BUFETE DE INGENIEROS CONSTRUCTORES AG, S.A. DE C.V. EN ASOCIACIÓN CON HM ASFALTOS,S.A. DE C.V.",REANL/PAMM/DI-18/14-CP,"$24,015,560.53",8-Oct-18,6-Mar-19,9-Oct-18,"$7,204,668.16",Sin Convenio,$0.00,"$24,015,560.53","$7,204,668.16","$7,204,668.16",30%,15%,No Entregada,3-Apr-19,"OBRA EN PROCESO, con retraso.
Aplicación de bacheo superficial en entrada Monterrey a PAMM hacia Cadereyta, se cuenta con el laboratorio en campo para la toma de temperatura.",,,,"$24,015,560.53",monto atrasado
3,16,Periférico del Área Metropolitana de Monterrey,Construcción,"CONSTRUCCIÓN DE OBRAS DE DRENAJE PLUVIAL EN EL SUBTRAMO KM 48+000, EN EL PERIFÉRICO DEL ÁREA METROPOLITANA DE MONTERREY.","PROVEEDORA PARA LA CONSTRUCCION REGIOMONTANA, S.A. DE C.V.",REANL/PAMM/DI-18/08-CP,"$22,274,716.24",25-Jun-18,21-Dec-18,25-Jun-18,"$6,682,414.87",Sin Convenio,$0.00,"$22,274,716.24"," $ 6,682,414.87 ","$6,682,414.87",30%,40%,No Entregada,2-Apr-19,"OBRA EN PROCESO, con retraso.
Se observa desde la visita anterior falta suministro de tubería, se inicia la colocación de revestimiento de concreto armado en canal trapezoidal.",,,,"$22,274,716.24",monto atrasado
3,17,Periférico del Área Metropolitana de Monterrey,Rehabilitación,CAMBIO A SISTEMA DE ALUMBRADO EFICIENTE EN DIFERENTES SUBTRAMOS KM 48+000 AL 67+000 Y EN LOS ENTRONQUES DE COBRO (SEGUNDA ETAPA) DE LA AUTOPISTA PERIFÉRICO DEL ÁREA METROPOLITANA DE MONTERREY.,"ROJO CONSTRUCCIONES E INGENIERÍA, S.A. DE C.V.",REANL/PAMM/DI-18/01-CP,"$21,501,213.22",21-May-18,16-Nov-18,21-May-18,"$6,450,363.95",Sin Convenio,$0.00,"$21,501,213.22"," $ 18,591,839.65 ","$872,812.06",86%,92%,No Entregada,1-Apr-19,"OBRA EN PROCESO, con retraso.
Falta la colocación de postes y luminarias en casetas de Lincoln y Pedreras, se colocaron lámparas en retorno entronque Miguel Alemán y en caseta Apodaca.",,,,"$21,501,213.22",monto atrasado
3,18,Periférico del Área Metropolitana de Monterrey,Construcción,"CONSTRUCCIÓN DE PUENTE PEATONAL A LA ALTURA DE CASETA LINCOLN EN EL SUBTRAMO KM 15+000, EN EL PERIFÉRICO DEL ÁREA METROPOLITANA DE MONTERREY.","PROYECTOS URBANÍSTICOS GRECIA, S.A. DE C.V. ",REANL/PAMM/DI-18/10-CP,"$13,799,682.22",25-Jun-18,21-Nov-18,26-Jun-18,"$4,139,904.66",Sin Convenio,$0.00,"$13,799,682.22"," $ 8,924,555.60 ","$1,462,537.98",65%,96%,No Entregada,2-Apr-19,"OBRA EN PROCESO, con retraso.
Se realizan trabajos de soldadura en barandal.",,,,"$13,799,682.22",monto atrasado
3,19,Periférico del Área Metropolitana de Monterrey,Construcción,CONSTRUCCIÓN DE OBRA DE DRENAJE PLUVIAL EN SUBTRAMO DEL KM 54+000 AL KM 56+000 DE LA AUTOPISTA PERIFÉRICO DEL ÁREA METROPOLITANA DE MONTERREY.,"CONSTRUCCIONES Y URBANIZACIONES FAGO, S.A. DE C.V.",REANL/PAMM/DI-17/08-CP,"$11,092,455.98",17-Jul-17,13-Nov-17,21-Jul-17,"$3,327,736.79",Sin Convenio,$0.00,"$11,092,455.98"," $ 10,387,699.37 ","$211,426.98",94%,97%,No Entregada,1-Apr-19,"OBRA EN PROCESO, con retraso.
Faltan rejillas en registros, se aprecia deficiente colado en canales al no utilizar vibrador, además se dejó acero expuesto en muros.",,,,"$11,092,455.98",monto atrasado
3,20,Periférico del Área Metropolitana de Monterrey,Construcción,"CONSTRUCCIÓN DE PUENTE PEATONAL EN EL SUBTRAMO KM 54+600, EN EL PERIFÉRICO DEL ÁREA METROPOLITANA DE MONTERREY.","CONSTRUCCIONES PEREZROCHA, S.A. DE C.V. ",REANL/PAMM/DI-18/09-CP,"$4,778,913.84",25-Jun-18,22-Oct-18,22-Jun-18,"$1,433,674.14",Sin Convenio,$0.00,"$4,778,913.84"," $ 2,519,962.10 ","$677,685.51",53%,80%,No Entregada,2-Apr-19,"OBRA EN PROCESO, con retraso.
Se cuenta colocada la trabe principal, faltan los acceso a rampas de puente. No se observa personal trabajando en el sitio.",,,,"$4,778,913.84",monto atrasado
3,21,Periférico del Área Metropolitana de Monterrey,Reconstrucción,RECONSTRUCCIÓN Y DESASOLVE DE OBRAS PLUVIALES EN DIFERENTES TRAMOS DEL KM 0+000 AL 67+000 DE LA AUTOPISTA PERIFÉRICO DEL ÁREA METROPOLITANA DE MONTERREY.,"CONSTRUCCIONES Y MAQUINARIA NARVAEZ, S.A. DE C.V.",REANL/PAMM/DI-18/07-IR,"$2,869,994.71",18-Jun-18,15-Oct-18,22-Jun-18,"$860,998.41",Sin Convenio,$0.00,"$2,869,994.71"," $ 2,699,793.52 ","$51,060.35",94%,96%,No Entregada,3-Apr-19,"OBRA EN PROCESO, con retraso.
Se realizan trabajos de pintura en los pluviales a la altura del Km 41+000.                                                                  ",,,,"$2,869,994.71",monto atrasado
3,22,Periférico del Área Metropolitana de Monterrey,Rehabilitación,REHABILITACIÓN Y CONSTRUCCIÓN DE BORDILLOS Y LAVADEROS EN DIFERENTES TRAMOS DE LA AUTOPISTA PERIFÉRICO DEL ÁREA METROPOLITANA DE MONTERREY.,"BAU PLATZ PLANEACION Y DIRECCION DE PROYECTOS, S.A. DE C.V.",REANL/PAMM/DI-18/06-IR,"$2,790,308.66",18-Jun-18,15-Oct-18,22-Jun-18,"$837,092.60",Sin Convenio,$0.00,"$2,790,308.66"," $ 2,311,307.05 ","$143,700.49",83%,92%,No Entregada,29-Mar-19,"OBRA EN PROCESO, con retraso.
Se continúa con los bordillos en la caseta entronque Lincoln del km 14+000, con mala calidad en la terminación. No se observó personal laborando.",,,,"$2,790,308.66",monto atrasado
